keibajo_code,keibajo_name,distance,waku,sample_count,tansho_hit_rate,fukusho_hit_rate,avg_hit_rate,baseline_rate,wakuban_coefficient
30,門別,1000,1,3067,8.97,26.34,17.655,20.04875,-3.5906249999999957
30,門別,1000,2,3067,9.72,31.43,20.575,20.04875,0.7893750000000015
30,門別,1000,3,3067,9.88,29.9,19.89,20.04875,-0.2381249999999966
30,門別,1000,4,3069,9.78,30.63,20.205,20.04875,0.234375
30,門別,1000,5,3915,9.83,29.66,19.745,20.04875,-0.45562499999999595
30,門別,1000,6,4336,10.86,31.02,20.939999999999998,20.04875,1.3368749999999991
30,門別,1000,7,4790,10.48,30.92,20.700000000000003,20.04875,0.9768750000000068
30,門別,1000,8,5060,10.43,30.93,20.68,20.04875,0.9468750000000021
30,門別,1100,1,311,10.29,30.23,20.259999999999998,20.5525,-0.43875000000000064
30,門別,1100,2,311,9.32,32.48,20.9,20.5525,0.5212500000000002
30,門別,1100,3,311,13.18,32.15,22.665,20.5525,3.168750000000001
30,門別,1100,4,311,11.25,29.9,20.575,20.5525,0.03375000000000128
30,門別,1100,5,383,7.05,24.8,15.925,20.5525,-6.941249999999997
30,門別,1100,6,421,9.03,32.07,20.55,20.5525,-0.0037499999999965894
30,門別,1100,7,466,12.66,34.12,23.39,20.5525,4.256250000000003
30,門別,1100,8,506,9.68,30.63,20.155,20.5525,-0.596249999999996
30,門別,1200,1,3822,7.9,24.23,16.065,19.794375,-5.594062499999996
30,門別,1200,2,3830,9.09,28.83,18.96,19.794375,-1.2515624999999968
30,門別,1200,3,3874,8.96,27.83,18.395,19.794375,-2.0990624999999987
30,門別,1200,4,3905,10.27,30.01,20.14,19.794375,0.5184375000000028
30,門別,1200,5,4814,9.99,30.31,20.15,19.794375,0.5334374999999998
30,門別,1200,6,5312,11.01,32.55,21.779999999999998,19.794375,2.9784374999999983
30,門別,1200,7,5932,11.01,31.47,21.24,19.794375,2.1684374999999996
30,門別,1200,8,6208,10.73,32.52,21.625,19.794375,2.745937500000002
30,門別,1500,1,195,11.79,32.82,22.305,23.165,-1.2899999999999991
30,門別,1500,2,195,11.79,30.26,21.025,23.165,-3.210000000000001
30,門別,1500,3,195,9.23,31.79,20.509999999999998,23.165,-3.9825000000000017
30,門別,1500,4,195,10.77,31.28,21.025,23.165,-3.210000000000001
30,門別,1500,5,217,11.98,36.87,24.424999999999997,23.165,1.889999999999997
30,門別,1500,6,230,10.0,38.26,24.13,23.165,1.4474999999999998
30,門別,1500,7,237,16.88,40.51,28.695,23.165,8.295000000000002
30,門別,1500,8,209,10.05,36.36,23.205,23.165,0.05999999999999872
30,門別,1600,1,427,8.67,26.93,17.8,20.94,-4.710000000000001
30,門別,1600,2,427,9.84,28.1,18.97,20.94,-2.9550000000000036
30,門別,1600,3,433,8.08,28.41,18.245,20.94,-4.0425
30,門別,1600,4,437,10.53,36.38,23.455000000000002,20.94,3.772500000000001
30,門別,1600,5,494,9.72,32.79,21.255,20.94,0.4724999999999966
30,門別,1600,6,559,14.31,32.38,23.345000000000002,20.94,3.6075000000000017
30,門別,1600,7,608,10.69,33.06,21.875,20.94,1.402499999999998
30,門別,1600,8,618,11.49,33.66,22.575,20.94,2.452499999999997
30,門別,1700,1,1185,8.86,27.51,18.185000000000002,21.583125000000003,-5.0971875
30,門別,1700,2,1185,10.38,35.95,23.165000000000003,21.583125000000003,2.3728125
30,門別,1700,3,1185,11.73,33.84,22.785000000000004,21.583125000000003,1.8028125000000017
30,門別,1700,4,1185,11.56,34.51,23.035,21.583125000000003,2.1778124999999964
30,門別,1700,5,1380,10.14,33.04,21.59,21.583125000000003,0.01031249999999595
30,門別,1700,6,1513,10.77,30.8,20.785,21.583125000000003,-1.1971875000000036
30,門別,1700,7,1638,10.87,30.89,20.88,21.583125000000003,-1.0546875000000053
30,門別,1700,8,1648,11.65,32.83,22.24,21.583125000000003,0.9853124999999938
30,門別,1800,1,474,9.92,28.9,19.41,20.94125,-2.296875
30,門別,1800,2,474,8.65,31.22,19.935,20.94125,-1.5093750000000021
30,門別,1800,3,480,9.58,30.63,20.105,20.94125,-1.2543749999999996
30,門別,1800,4,486,9.47,30.86,20.165,20.94125,-1.1643750000000015
30,門別,1800,5,550,11.09,33.64,22.365000000000002,20.94125,2.1356250000000028
30,門別,1800,6,621,10.47,32.37,21.419999999999998,20.94125,0.718124999999997
30,門別,1800,7,681,12.92,33.92,23.42,20.94125,3.7181250000000023
30,門別,1800,8,693,10.97,30.45,20.71,20.94125,-0.34687499999999893
30,門別,2000,1,72,15.28,40.28,27.78,20.009375,11.655937500000004
30,門別,2000,2,75,8.0,25.33,16.665,20.009375,-5.016562499999999
30,門別,2000,3,77,7.79,28.57,18.18,20.009375,-2.7440624999999983
30,門別,2000,4,77,5.19,32.47,18.83,20.009375,-1.7690625000000004
30,門別,2000,5,88,9.09,34.09,21.590000000000003,20.009375,2.3709375000000072
30,門別,2000,6,95,11.58,29.47,20.525,20.009375,0.7734375
30,門別,2000,7,99,12.12,25.25,18.685,20.009375,-1.9865624999999998
30,門別,2000,8,101,9.9,25.74,17.82,20.009375,-3.2840624999999974
35,盛岡,1000,1,830,11.69,36.75,24.22,21.620625,3.8990624999999977
35,盛岡,1000,2,830,11.08,37.95,24.515,21.620625,4.3415625
35,盛岡,1000,3,834,12.83,36.09,24.46,21.620625,4.259062500000001
35,盛岡,1000,4,835,10.54,31.86,21.2,21.620625,-0.6309375000000017
35,盛岡,1000,5,989,9.81,30.74,20.275,21.620625,-2.0184375000000028
35,盛岡,1000,6,1055,9.0,28.63,18.814999999999998,21.620625,-4.208437500000004
35,盛岡,1000,7,1144,10.23,26.75,18.490000000000002,21.620625,-4.695937499999998
35,盛岡,1000,8,1184,10.9,31.08,20.99,21.620625,-0.945937500000003
35,盛岡,1200,1,2244,9.94,32.75,21.345,21.673125,-0.4921875
35,盛岡,1200,2,2244,11.41,33.91,22.659999999999997,21.673125,1.4803124999999966
35,盛岡,1200,3,2256,10.77,32.09,21.43,21.673125,-0.3646874999999987
35,盛岡,1200,4,2260,10.75,31.46,21.105,21.673125,-0.8521874999999977
35,盛岡,1200,5,2471,10.52,32.62,21.57,21.673125,-0.15468749999999787
35,盛岡,1200,6,2738,10.99,32.98,21.985,21.673125,0.46781250000000085
35,盛岡,1200,7,3062,11.3,32.43,21.865000000000002,21.673125,0.2878125000000047
35,盛岡,1200,8,3274,10.87,31.98,21.425,21.673125,-0.37218749999999723
35,盛岡,1400,1,2191,10.86,30.72,20.79,21.4375,-0.9712500000000013
35,盛岡,1400,2,2191,8.95,28.8,18.875,21.4375,-3.84375
35,盛岡,1400,3,2195,10.84,31.89,21.365000000000002,21.4375,-0.10874999999999702
35,盛岡,1400,4,2196,9.65,31.88,20.765,21.4375,-1.0087499999999991
35,盛岡,1400,5,2340,11.07,32.74,21.905,21.4375,0.7012500000000017
35,盛岡,1400,6,2589,10.58,33.29,21.935,21.4375,0.7462499999999981
35,盛岡,1400,7,3033,10.91,33.14,22.025,21.4375,0.8812499999999979
35,盛岡,1400,8,3414,12.65,35.03,23.84,21.4375,3.60375
35,盛岡,1600,1,1794,10.59,29.82,20.205,19.885625,0.47906249999999595
35,盛岡,1600,2,1795,10.14,29.03,19.585,19.885625,-0.4509375000000002
35,盛岡,1600,3,1811,8.83,30.98,19.905,19.885625,0.029062500000000213
35,盛岡,1600,4,1815,9.37,30.08,19.724999999999998,19.885625,-0.2409375000000047
35,盛岡,1600,5,2138,10.01,30.45,20.23,19.885625,0.5165624999999991
35,盛岡,1600,6,2492,10.23,29.21,19.72,19.885625,-0.2484375000000032
35,盛岡,1600,7,2878,9.45,30.37,19.91,19.885625,0.03656249999999872
35,盛岡,1600,8,3113,10.7,28.91,19.805,19.885625,-0.12093750000000192
35,盛岡,1700,1,129,6.98,24.81,15.895,18.030625,-3.2034375000000015
35,盛岡,1700,2,129,10.85,32.56,21.705000000000002,18.030625,5.511562500000002
35,盛岡,1700,3,141,9.93,34.04,21.985,18.030625,5.931562499999998
35,盛岡,1700,4,145,14.48,32.41,23.445,18.030625,8.1215625
35,盛岡,1700,5,211,7.11,25.12,16.115000000000002,18.030625,-2.873437499999998
35,盛岡,1700,6,231,5.19,22.94,14.065000000000001,18.030625,-5.948437499999999
35,盛岡,1700,7,239,7.95,20.92,14.435,18.030625,-5.3934375
35,盛岡,1700,8,250,9.6,23.6,16.6,18.030625,-2.1459374999999987
35,盛岡,1800,1,146,9.59,35.62,22.604999999999997,20.513749999999998,3.136874999999998
35,盛岡,1800,2,146,12.33,34.25,23.29,20.513749999999998,4.1643750000000015
35,盛岡,1800,3,146,15.07,30.82,22.945,20.513749999999998,3.646875000000003
35,盛岡,1800,4,146,10.27,29.45,19.86,20.513749999999998,-0.9806249999999981
35,盛岡,1800,5,174,9.2,28.16,18.68,20.513749999999998,-2.7506249999999977
35,盛岡,1800,6,199,9.55,32.16,20.854999999999997,20.513749999999998,0.5118749999999981
35,盛岡,1800,7,224,7.59,28.13,17.86,20.513749999999998,-3.980624999999998
35,盛岡,1800,8,247,9.31,26.72,18.015,20.513749999999998,-3.7481249999999964
35,盛岡,2000,1,41,14.63,36.59,25.610000000000003,17.835,11.662500000000003
35,盛岡,2000,2,43,13.95,25.58,19.765,17.835,2.8949999999999996
35,盛岡,2000,3,53,7.55,30.19,18.87,17.835,1.5525000000000002
35,盛岡,2000,4,55,3.64,21.82,12.73,17.835,-7.657500000000001
35,盛岡,2000,5,63,4.76,20.63,12.695,17.835,-7.710000000000001
35,盛岡,2000,6,69,11.59,30.43,21.009999999999998,17.835,4.762499999999996
35,盛岡,2000,7,75,8.0,20.0,14.0,17.835,-5.752500000000001
35,盛岡,2000,8,75,8.0,28.0,18.0,17.835,0.24749999999999872
35,盛岡,2400,1,21,9.52,19.05,14.285,17.606875,-4.982812499999998
35,盛岡,2400,2,21,9.52,33.33,21.424999999999997,17.606875,5.727187499999998
35,盛岡,2400,3,24,16.67,29.17,22.92,17.606875,7.9696875000000045
35,盛岡,2400,4,26,7.69,26.92,17.305,17.606875,-0.4528124999999985
35,盛岡,2400,5,35,2.86,22.86,12.86,17.606875,-7.120312499999999
35,盛岡,2400,6,38,10.53,21.05,15.79,17.606875,-2.7253124999999994
35,盛岡,2400,7,38,0.0,28.95,14.475,17.606875,-4.697812499999999
35,盛岡,2400,8,39,15.38,28.21,21.795,17.606875,6.2821875000000045
36,水沢,850,1,889,11.02,32.06,21.54,21.8025,-0.39374999999999893
36,水沢,850,2,889,11.81,32.51,22.16,21.8025,0.5362500000000026
36,水沢,850,3,889,10.57,33.18,21.875,21.8025,0.10875000000000234
36,水沢,850,4,889,7.99,29.36,18.675,21.8025,-4.691249999999997
36,水沢,850,5,889,9.22,33.86,21.54,21.8025,-0.39374999999999893
36,水沢,850,6,862,12.18,33.76,22.97,21.8025,1.7512500000000006
36,水沢,850,7,1238,10.74,33.04,21.89,21.8025,0.1312500000000032
36,水沢,850,8,1361,13.15,34.39,23.77,21.8025,2.9512500000000017
36,水沢,1300,1,2029,11.29,35.29,23.29,22.003125,1.9303124999999977
36,水沢,1300,2,2029,11.04,34.94,22.99,22.003125,1.4803124999999966
36,水沢,1300,3,2029,11.48,35.14,23.310000000000002,22.003125,1.9603125000000023
36,水沢,1300,4,2029,11.48,33.61,22.545,22.003125,0.8128125000000015
36,水沢,1300,5,2029,9.96,31.99,20.975,22.003125,-1.542187499999999
36,水沢,1300,6,2349,10.56,31.76,21.16,22.003125,-1.2646875000000009
36,水沢,1300,7,2651,10.83,32.18,21.505,22.003125,-0.7471875000000026
36,水沢,1300,8,2926,10.97,29.53,20.25,22.003125,-2.629687500000001
36,水沢,1400,1,2622,11.29,32.49,21.89,20.0,2.835000000000001
36,水沢,1400,2,2622,10.41,31.05,20.73,20.0,1.0950000000000006
36,水沢,1400,3,2622,9.19,31.58,20.384999999999998,20.0,0.577499999999997
36,水沢,1400,4,2622,10.79,30.59,20.689999999999998,20.0,1.0349999999999966
36,水沢,1400,5,3100,10.19,29.81,20.0,20.0,0.0
36,水沢,1400,6,3514,9.16,27.15,18.155,20.0,-2.7674999999999983
36,水沢,1400,7,4059,9.44,29.1,19.27,20.0,-1.0950000000000006
36,水沢,1400,8,4466,9.52,28.24,18.88,20.0,-1.6800000000000015
36,水沢,1600,1,1518,11.46,33.27,22.365000000000002,19.37375,4.486875000000001
36,水沢,1600,2,1518,9.75,30.57,20.16,19.37375,1.1793749999999985
36,水沢,1600,3,1518,10.34,30.17,20.255000000000003,19.37375,1.3218750000000021
36,水沢,1600,4,1518,10.47,31.49,20.98,19.37375,2.409374999999999
36,水沢,1600,5,1871,9.35,27.9,18.625,19.37375,-1.1231250000000017
36,水沢,1600,6,2210,9.41,28.37,18.89,19.37375,-0.7256250000000009
36,水沢,1600,7,2552,8.78,25.08,16.93,19.37375,-3.665625000000002
36,水沢,1600,8,2711,8.04,25.53,16.785,19.37375,-3.8831250000000015
36,水沢,1800,1,73,21.92,38.36,30.14,22.565625,11.3615625
36,水沢,1800,2,73,12.33,32.88,22.605,22.565625,0.059062499999999574
36,水沢,1800,3,73,4.11,28.77,16.44,22.565625,-9.1884375
36,水沢,1800,4,73,9.59,32.88,21.235,22.565625,-1.995937500000002
36,水沢,1800,5,73,17.81,38.36,28.085,22.565625,8.2790625
36,水沢,1800,6,72,11.11,37.5,24.305,22.565625,2.6090624999999985
36,水沢,1800,7,100,10.0,34.0,22.0,22.565625,-0.8484375000000011
36,水沢,1800,8,105,4.76,26.67,15.715,22.565625,-10.275937500000001
36,水沢,1900,1,44,4.55,36.36,20.455,19.159375,1.9434374999999964
36,水沢,1900,2,44,13.64,29.55,21.595,19.159375,3.6534374999999972
36,水沢,1900,3,44,13.64,29.55,21.595,19.159375,3.6534374999999972
36,水沢,1900,4,44,15.91,40.91,28.409999999999997,19.159375,13.875937499999994
36,水沢,1900,5,58,15.52,32.76,24.14,19.159375,7.4709375
36,水沢,1900,6,62,3.23,17.74,10.485,19.159375,-13.011562500000002
36,水沢,1900,7,74,10.81,24.32,17.565,19.159375,-2.391562499999999
36,水沢,1900,8,72,1.39,16.67,9.030000000000001,19.159375,-15.1940625
36,水沢,2000,1,36,8.33,27.78,18.055,18.50625,-0.6768750000000026
36,水沢,2000,2,36,16.67,27.78,22.225,18.50625,5.578125
36,水沢,2000,3,36,2.78,13.89,8.335,18.50625,-15.256875
36,水沢,2000,4,36,11.11,41.67,26.39,18.50625,11.825624999999999
36,水沢,2000,5,53,9.43,20.75,15.09,18.50625,-5.124375000000002
36,水沢,2000,6,56,10.71,26.79,18.75,18.50625,0.36562499999999787
36,水沢,2000,7,61,9.84,29.51,19.675,18.50625,1.753124999999999
36,水沢,2000,8,64,6.25,32.81,19.53,18.50625,1.5356249999999996
36,水沢,2500,8,10,20.0,30.0,25.0,25.0,0.0
42,浦和,800,1,747,9.64,30.66,20.15,19.675,0.7124999999999968
42,浦和,800,2,747,10.44,32.4,21.419999999999998,19.675,2.617499999999996
42,浦和,800,3,747,10.31,30.25,20.28,19.675,0.9075000000000006
42,浦和,800,4,747,10.44,29.05,19.745,19.675,0.10500000000000043
42,浦和,800,5,972,9.47,26.95,18.21,19.675,-2.1975
42,浦和,800,6,1182,10.58,29.19,19.885,19.675,0.3150000000000013
42,浦和,800,7,1212,8.17,28.14,18.155,19.675,-2.2799999999999994
42,浦和,800,8,1212,9.82,29.29,19.555,19.675,-0.1800000000000015
42,浦和,1300,1,121,7.44,25.62,16.53,20.8775,-6.52125
42,浦和,1300,2,121,8.26,30.58,19.419999999999998,20.8775,-2.1862500000000047
42,浦和,1300,3,121,11.57,33.88,22.725,20.8775,2.77125
42,浦和,1300,4,121,15.7,40.5,28.1,20.8775,10.83375
42,浦和,1300,5,121,12.4,30.58,21.49,20.8775,0.9187499999999957
42,浦和,1300,6,160,9.38,22.5,15.940000000000001,20.8775,-7.40625
42,浦和,1300,7,186,8.06,30.65,19.355,20.8775,-2.2837500000000013
42,浦和,1300,8,211,11.37,35.55,23.459999999999997,20.8775,3.873749999999994
42,浦和,1400,1,3495,8.01,26.72,17.365,17.98625,-0.9318749999999998
42,浦和,1400,2,3495,9.3,27.38,18.34,17.98625,0.5306250000000023
42,浦和,1400,3,3496,9.61,28.23,18.92,17.98625,1.4006250000000051
42,浦和,1400,4,3525,9.48,28.48,18.98,17.98625,1.4906250000000032
42,浦和,1400,5,5509,8.86,26.21,17.535,17.98625,-0.6768749999999972
42,浦和,1400,6,6107,8.58,26.28,17.43,17.98625,-0.8343749999999979
42,浦和,1400,7,6483,8.96,25.82,17.39,17.98625,-0.8943749999999966
42,浦和,1400,8,6686,9.0,26.86,17.93,17.98625,-0.08437499999999787
42,浦和,1500,1,1698,10.37,29.33,19.849999999999998,18.200625,2.4740624999999987
42,浦和,1500,2,1698,9.84,30.33,20.085,18.200625,2.826562500000003
42,浦和,1500,3,1698,9.6,28.92,19.26,18.200625,1.5890625000000043
42,浦和,1500,4,1698,9.07,29.09,19.08,18.200625,1.3190624999999994
42,浦和,1500,5,2658,8.77,24.94,16.855,18.200625,-2.0184374999999974
42,浦和,1500,6,2962,9.05,26.74,17.895,18.200625,-0.4584374999999987
42,浦和,1500,7,3181,8.14,25.15,16.645,18.200625,-2.3334374999999987
42,浦和,1500,8,3291,7.9,23.97,15.934999999999999,18.200625,-3.3984375
42,浦和,1600,1,155,14.84,48.39,31.615000000000002,20.779375,16.2534375
42,浦和,1600,2,155,18.71,47.1,32.905,20.779375,18.1884375
42,浦和,1600,3,155,8.39,31.61,20.0,20.779375,-1.1690625000000026
42,浦和,1600,4,155,11.61,31.61,21.61,20.779375,1.2459374999999966
42,浦和,1600,5,155,12.9,28.39,20.645,20.779375,-0.2015625000000032
42,浦和,1600,6,266,7.52,19.17,13.345,20.779375,-11.1515625
42,浦和,1600,7,284,5.99,23.24,14.614999999999998,20.779375,-9.246562500000005
42,浦和,1600,8,300,4.67,18.33,11.5,20.779375,-13.919062500000003
42,浦和,1900,1,11,0.0,18.18,9.09,19.033125,-14.914687499999998
42,浦和,1900,2,11,18.18,45.45,31.815,19.033125,19.172812500000006
42,浦和,1900,3,11,9.09,18.18,13.635,19.033125,-8.097187499999997
42,浦和,1900,4,11,9.09,36.36,22.725,19.033125,5.537812500000005
42,浦和,1900,5,11,18.18,36.36,27.27,19.033125,12.355312500000002
42,浦和,1900,6,22,9.09,31.82,20.455,19.033125,2.1328125
42,浦和,1900,7,22,9.09,27.27,18.18,19.033125,-1.2796874999999979
42,浦和,1900,8,22,4.55,13.64,9.095,19.033125,-14.907187499999996
42,浦和,2000,1,310,9.68,25.16,17.42,17.35125,0.10312500000000213
42,浦和,2000,2,310,9.03,26.77,17.9,17.35125,0.8231249999999974
42,浦和,2000,3,310,7.74,28.06,17.9,17.35125,0.8231249999999974
42,浦和,2000,4,310,8.71,27.74,18.225,17.35125,1.3106250000000017
42,浦和,2000,5,503,6.16,22.66,14.41,17.35125,-4.411875
42,浦和,2000,6,557,10.77,26.21,18.490000000000002,17.35125,1.7081250000000026
42,浦和,2000,7,590,9.49,26.27,17.88,17.35125,0.7931249999999981
42,浦和,2000,8,603,7.63,25.54,16.585,17.35125,-1.1493749999999991
43,船橋,1000,1,565,6.73,25.84,16.285,19.725,-5.160000000000002
43,船橋,1000,2,565,9.56,29.38,19.47,19.725,-0.38250000000000384
43,船橋,1000,3,708,8.9,29.24,19.07,19.725,-0.9825000000000017
43,船橋,1000,4,750,12.0,34.0,23.0,19.725,4.912499999999998
43,船橋,1000,5,802,9.1,30.17,19.635,19.725,-0.1349999999999998
43,船橋,1000,6,785,9.68,28.03,18.855,19.725,-1.3050000000000015
43,船橋,1000,7,762,10.37,29.27,19.82,19.725,0.1424999999999983
43,船橋,1000,8,743,12.11,31.22,21.665,19.725,2.9099999999999966
43,船橋,1200,1,2989,7.13,23.92,15.525,18.255,-4.094999999999998
43,船橋,1200,2,2989,8.23,26.0,17.115000000000002,18.255,-1.7099999999999955
43,船橋,1200,3,2989,8.2,25.83,17.015,18.255,-1.8599999999999977
43,船橋,1200,4,2989,8.26,26.73,17.495,18.255,-1.139999999999997
43,船橋,1200,5,4443,9.09,27.48,18.285,18.255,0.045000000000001705
43,船橋,1200,6,4899,9.78,30.37,20.075,18.255,2.7300000000000004
43,船橋,1200,7,5253,10.83,29.93,20.38,18.255,3.1875
43,船橋,1200,8,5407,10.65,29.65,20.15,18.255,2.8424999999999994
43,船橋,1500,1,1566,8.43,24.14,16.285,18.59375,-3.463125
43,船橋,1500,2,1566,8.43,27.33,17.88,18.59375,-1.0706250000000015
43,船橋,1500,3,1578,8.49,27.63,18.06,18.59375,-0.8006250000000019
43,船橋,1500,4,1609,7.21,28.22,17.715,18.59375,-1.3181250000000002
43,船橋,1500,5,2338,10.22,29.08,19.65,18.59375,1.5843749999999979
43,船橋,1500,6,2519,8.77,28.62,18.695,18.59375,0.15187500000000043
43,船橋,1500,7,2635,10.51,29.34,19.925,18.59375,1.996875000000001
43,船橋,1500,8,2714,11.35,29.73,20.54,18.59375,2.9193749999999987
43,船橋,1600,1,1277,8.85,24.04,16.445,17.426875,-1.472812499999998
43,船橋,1600,2,1277,8.07,25.29,16.68,17.426875,-1.120312499999999
43,船橋,1600,3,1635,7.83,24.04,15.934999999999999,17.426875,-2.2378125000000004
43,船橋,1600,4,1774,8.96,27.23,18.095,17.426875,1.0021874999999998
43,船橋,1600,5,1936,8.88,26.24,17.56,17.426875,0.19968749999999957
43,船橋,1600,6,2089,9.81,27.24,18.525,17.426875,1.6471874999999994
43,船橋,1600,7,2210,9.28,28.05,18.665,17.426875,1.8571875000000002
43,船橋,1600,8,2270,8.15,26.87,17.51,17.426875,0.12468750000000384
43,船橋,1700,1,168,8.33,28.57,18.45,18.47,-0.02999999999999936
43,船橋,1700,2,168,6.55,30.36,18.455,18.47,-0.022500000000000853
43,船橋,1700,3,199,10.55,33.17,21.86,18.47,5.085000000000001
43,船橋,1700,4,214,6.54,24.77,15.655,18.47,-4.222499999999999
43,船橋,1700,5,235,8.09,24.26,16.175,18.47,-3.4424999999999972
43,船橋,1700,6,258,10.47,27.13,18.8,18.47,0.49500000000000277
43,船橋,1700,7,275,10.18,26.55,18.365000000000002,18.47,-0.1574999999999953
43,船橋,1700,8,290,11.38,28.62,20.0,18.47,2.2950000000000017
43,船橋,1800,1,225,9.78,29.33,19.555,17.248125,3.460312499999997
43,船橋,1800,2,225,6.67,25.33,16.0,17.248125,-1.8721875000000026
43,船橋,1800,3,290,8.97,25.52,17.245,17.248125,-0.004687500000001066
43,船橋,1800,4,323,8.98,25.7,17.34,17.248125,0.13781249999999723
43,船橋,1800,5,354,7.34,22.88,15.11,17.248125,-3.2071875000000034
43,船橋,1800,6,374,6.68,22.73,14.705,17.248125,-3.8146875000000025
43,船橋,1800,7,396,9.34,28.03,18.685000000000002,17.248125,2.155312500000001
43,船橋,1800,8,411,10.71,27.98,19.345,17.248125,3.1453124999999957
43,船橋,2200,1,149,8.05,26.17,17.11,18.466875,-2.0353125000000034
43,船橋,2200,2,149,13.42,32.89,23.155,18.466875,7.032187499999999
43,船橋,2200,3,154,5.19,20.78,12.985000000000001,18.466875,-8.2228125
43,船橋,2200,4,168,4.76,20.83,12.794999999999998,18.466875,-8.507812500000005
43,船橋,2200,5,220,9.09,30.91,20.0,18.466875,2.2996874999999974
43,船橋,2200,6,230,10.87,26.52,18.695,18.466875,0.34218749999999787
43,船橋,2200,7,251,9.56,31.08,20.32,18.466875,2.779687499999998
43,船橋,2200,8,258,12.4,32.95,22.675,18.466875,6.3121874999999985
43,船橋,2400,1,10,40.0,60.0,50.0,17.377499999999998,48.93375
43,船橋,2400,2,10,0.0,20.0,10.0,17.377499999999998,-11.066249999999997
43,船橋,2400,3,15,13.33,20.0,16.665,17.377499999999998,-1.0687499999999979
43,船橋,2400,4,16,0.0,25.0,12.5,17.377499999999998,-7.316249999999997
43,船橋,2400,5,17,0.0,11.76,5.88,17.377499999999998,-17.246249999999996
43,船橋,2400,6,18,0.0,11.11,5.555,17.377499999999998,-17.733749999999997
43,船橋,2400,7,19,5.26,31.58,18.419999999999998,17.377499999999998,1.5637500000000006
43,船橋,2400,8,20,15.0,25.0,20.0,17.377499999999998,3.9337500000000034
44,大井,1000,1,25,8.0,32.0,20.0,19.6125,0.5812499999999989
44,大井,1000,2,25,8.0,40.0,24.0,19.6125,6.581249999999999
44,大井,1000,3,25,12.0,32.0,22.0,19.6125,3.581249999999999
44,大井,1000,4,25,8.0,40.0,24.0,19.6125,6.581249999999999
44,大井,1000,5,34,8.82,29.41,19.115000000000002,19.6125,-0.7462499999999981
44,大井,1000,6,38,5.26,18.42,11.84,19.6125,-11.658750000000001
44,大井,1000,7,41,4.88,19.51,12.195,19.6125,-11.12625
44,大井,1000,8,40,20.0,27.5,23.75,19.6125,6.206249999999999
44,大井,1200,1,1153,10.06,24.72,17.39,15.64375,2.619375
44,大井,1200,2,1237,7.92,23.77,15.844999999999999,15.64375,0.30187499999999723
44,大井,1200,3,1523,6.63,22.46,14.545,15.64375,-1.6481250000000012
44,大井,1200,4,1655,8.22,24.05,16.135,15.64375,0.7368750000000013
44,大井,1200,5,1752,7.59,22.66,15.125,15.64375,-0.7781250000000011
44,大井,1200,6,1817,7.32,22.51,14.915000000000001,15.64375,-1.0931249999999997
44,大井,1200,7,1867,6.59,22.82,14.705,15.64375,-1.408125000000001
44,大井,1200,8,1886,8.59,24.39,16.490000000000002,15.64375,1.269375000000002
44,大井,1400,1,572,8.22,26.22,17.22,16.9125,0.46124999999999616
44,大井,1400,2,586,10.92,30.03,20.475,16.9125,5.34375
44,大井,1400,3,716,6.15,21.23,13.690000000000001,16.9125,-4.83375
44,大井,1400,4,782,8.31,25.19,16.75,16.9125,-0.24375000000000213
44,大井,1400,5,858,9.44,24.48,16.96,16.9125,0.07124999999999915
44,大井,1400,6,929,7.32,23.04,15.18,16.9125,-2.5987500000000026
44,大井,1400,7,970,7.94,27.22,17.58,16.9125,1.0012499999999953
44,大井,1400,8,983,9.36,25.53,17.445,16.9125,0.7987499999999983
44,大井,1600,1,749,7.88,28.84,18.36,16.9375,2.133749999999999
44,大井,1600,2,757,9.64,29.33,19.485,16.9375,3.821249999999999
44,大井,1600,3,938,9.17,22.6,15.885000000000002,16.9375,-1.5787499999999977
44,大井,1600,4,1069,9.26,23.76,16.51,16.9375,-0.6412499999999977
44,大井,1600,5,1196,7.27,23.08,15.174999999999999,16.9375,-2.6437500000000016
44,大井,1600,6,1282,7.41,24.65,16.03,16.9375,-1.3612499999999983
44,大井,1600,7,1333,8.18,25.88,17.03,16.9375,0.1387500000000017
44,大井,1600,8,1357,8.92,25.13,17.025,16.9375,0.13124999999999787
44,大井,1650,1,43,9.3,27.91,18.605,17.380625000000002,1.8365624999999977
44,大井,1650,2,43,6.98,30.23,18.605,17.380625000000002,1.8365624999999977
44,大井,1650,3,44,6.82,22.73,14.775,17.380625000000002,-3.9084375000000025
44,大井,1650,4,51,3.92,19.61,11.765,17.380625000000002,-8.423437500000002
44,大井,1650,5,63,9.52,26.98,18.25,17.380625000000002,1.304062499999997
44,大井,1650,6,73,6.85,19.18,13.015,17.380625000000002,-6.548437500000002
44,大井,1650,7,81,7.41,24.69,16.05,17.380625000000002,-1.995937500000002
44,大井,1650,8,84,16.67,39.29,27.98,17.380625000000002,15.899062499999998
44,大井,1700,1,23,13.04,30.43,21.735,16.41,7.987499999999999
44,大井,1700,2,24,12.5,29.17,20.835,16.41,6.637500000000001
44,大井,1700,3,28,3.57,32.14,17.855,16.41,2.1675000000000004
44,大井,1700,4,30,6.67,20.0,13.335,16.41,-4.612499999999999
44,大井,1700,5,31,12.9,22.58,17.74,16.41,1.9949999999999974
44,大井,1700,6,33,9.09,18.18,13.635,16.41,-4.1625000000000005
44,大井,1700,7,33,0.0,15.15,7.575,16.41,-13.252500000000001
44,大井,1700,8,35,8.57,28.57,18.57,16.41,3.24
44,大井,1800,1,166,10.24,22.89,16.565,17.266875,-1.0528124999999964
44,大井,1800,2,178,7.87,29.78,18.825,17.266875,2.3371875000000006
44,大井,1800,3,193,6.74,27.98,17.36,17.266875,0.13968750000000085
44,大井,1800,4,204,7.35,25.0,16.175,17.266875,-1.6378124999999972
44,大井,1800,5,228,7.46,26.75,17.105,17.266875,-0.24281249999999766
44,大井,1800,6,241,7.47,27.39,17.43,17.266875,0.24468750000000128
44,大井,1800,7,252,8.73,21.83,15.28,17.266875,-2.9803124999999993
44,大井,1800,8,263,12.55,26.24,19.395,17.266875,3.192187500000001
44,大井,2000,1,80,7.5,22.5,15.0,15.938749999999999,-1.4081249999999983
44,大井,2000,2,88,7.95,23.86,15.905,15.938749999999999,-0.050624999999999254
44,大井,2000,3,100,9.0,19.0,14.0,15.938749999999999,-2.9081249999999983
44,大井,2000,4,104,6.73,24.04,15.385,15.938749999999999,-0.8306249999999986
44,大井,2000,5,113,8.85,26.55,17.7,15.938749999999999,2.6418750000000006
44,大井,2000,6,118,9.32,27.97,18.645,15.938749999999999,4.059375000000001
44,大井,2000,7,128,4.69,25.0,14.845,15.938749999999999,-1.6406249999999973
44,大井,2000,8,131,9.92,22.14,16.03,15.938749999999999,0.1368750000000034
44,大井,2600,5,10,0.0,30.0,15.0,17.5,-3.75
44,大井,2600,6,10,10.0,10.0,10.0,17.5,-11.25
44,大井,2600,7,10,20.0,20.0,20.0,17.5,3.75
44,大井,2600,8,10,20.0,30.0,25.0,17.5,11.25
45,川崎,900,1,1285,9.49,33.7,21.595000000000002,18.995,3.900000000000002
45,川崎,900,2,1285,10.43,30.19,20.310000000000002,18.995,1.972500000000002
45,川崎,900,3,1285,9.81,29.57,19.69,18.995,1.0425000000000004
45,川崎,900,4,1285,11.05,30.66,20.855,18.995,2.789999999999999
45,川崎,900,5,1944,8.59,26.7,17.645,18.995,-2.025000000000002
45,川崎,900,6,2138,9.17,24.65,16.91,18.995,-3.1275000000000013
45,川崎,900,7,2230,9.06,26.28,17.67,18.995,-1.987499999999999
45,川崎,900,8,2259,8.19,26.38,17.285,18.995,-2.5650000000000013
45,川崎,1400,1,2879,11.22,32.89,22.055,19.35125,4.055624999999999
45,川崎,1400,2,2879,10.0,32.03,21.015,19.35125,2.4956250000000004
45,川崎,1400,3,2908,10.42,30.95,20.685,19.35125,2.0006249999999977
45,川崎,1400,4,2916,11.18,30.86,21.02,19.35125,2.503124999999999
45,川崎,1400,5,4192,9.09,28.24,18.665,19.35125,-1.0293750000000017
45,川崎,1400,6,4572,8.25,25.72,16.985,19.35125,-3.5493750000000013
45,川崎,1400,7,4900,8.27,24.39,16.33,19.35125,-4.531875000000003
45,川崎,1400,8,5085,9.09,27.02,18.055,19.35125,-1.9443750000000009
45,川崎,1500,1,2052,10.04,29.68,19.86,17.141875,4.077187500000001
45,川崎,1500,2,2052,10.33,29.68,20.005,17.141875,4.2946875
45,川崎,1500,3,2677,8.48,26.93,17.705,17.141875,0.8446874999999991
45,川崎,1500,4,2853,8.59,25.87,17.23,17.141875,0.13218750000000234
45,川崎,1500,5,3360,7.68,24.11,15.895,17.141875,-1.870312499999999
45,川崎,1500,6,3615,7.58,23.1,15.34,17.141875,-2.7028124999999985
45,川崎,1500,7,3814,8.44,23.62,16.03,17.141875,-1.6678124999999966
45,川崎,1500,8,3922,7.47,22.67,15.07,17.141875,-3.107812499999998
45,川崎,1600,1,975,10.56,30.67,20.615000000000002,17.14125,5.210625000000004
45,川崎,1600,2,975,9.44,30.46,19.95,17.14125,4.213125
45,川崎,1600,3,1326,7.62,25.26,16.44,17.14125,-1.0518749999999972
45,川崎,1600,4,1444,8.93,26.39,17.66,17.14125,0.7781250000000011
45,川崎,1600,5,1580,7.47,23.42,15.445,17.14125,-2.5443749999999987
45,川崎,1600,6,1693,8.03,23.15,15.59,17.14125,-2.3268749999999994
45,川崎,1600,7,1765,7.48,23.12,15.3,17.14125,-2.761874999999998
45,川崎,1600,8,1832,8.79,23.47,16.13,17.14125,-1.5168750000000006
45,川崎,2000,1,371,8.89,28.84,18.865000000000002,17.249375,2.423437500000002
45,川崎,2000,2,371,8.36,26.68,17.52,17.249375,0.4059374999999985
45,川崎,2000,3,470,9.57,27.02,18.295,17.249375,1.5684375000000017
45,川崎,2000,4,515,7.38,22.72,15.049999999999999,17.249375,-3.2990625000000025
45,川崎,2000,5,565,10.44,27.43,18.935,17.249375,2.5284374999999972
45,川崎,2000,6,619,6.62,23.75,15.185,17.249375,-3.0965625
45,川崎,2000,7,659,9.71,26.86,18.285,17.249375,1.5534374999999994
45,川崎,2000,8,681,7.78,23.94,15.860000000000001,17.249375,-2.084062499999999
45,川崎,2100,1,86,11.63,32.56,22.095000000000002,16.581875,8.269687500000003
45,川崎,2100,2,86,5.81,23.26,14.535,16.581875,-3.0703125
45,川崎,2100,3,114,7.89,22.81,15.35,16.581875,-1.8478125000000007
45,川崎,2100,4,130,6.15,26.92,16.535,16.581875,-0.0703125
45,川崎,2100,5,145,8.97,24.14,16.555,16.581875,-0.04031250000000064
45,川崎,2100,6,156,8.97,20.51,14.740000000000002,16.581875,-2.7628124999999972
45,川崎,2100,7,165,7.27,28.48,17.875,16.581875,1.9396874999999998
45,川崎,2100,8,167,8.98,20.96,14.97,16.581875,-2.4178124999999993
46,金沢,900,1,121,9.92,32.23,21.075,25.644375,-6.854062500000001
46,金沢,900,2,121,6.61,36.36,21.485,25.644375,-6.239062500000001
46,金沢,900,3,121,12.4,40.5,26.45,25.644375,1.2084374999999987
46,金沢,900,4,121,18.18,45.45,31.815,25.644375,9.255937500000002
46,金沢,900,5,124,19.35,45.97,32.66,25.644375,10.523437499999995
46,金沢,900,6,107,15.89,42.06,28.975,25.644375,4.995937500000002
46,金沢,900,7,107,9.35,32.71,21.03,25.644375,-6.9215624999999985
46,金沢,900,8,120,10.83,32.5,21.665,25.644375,-5.9690625000000015
46,金沢,1300,1,53,15.09,35.85,25.47,20.10625,8.045625
46,金沢,1300,2,53,9.43,35.85,22.64,20.10625,3.800625000000002
46,金沢,1300,3,53,9.43,32.08,20.755,20.10625,0.9731249999999996
46,金沢,1300,4,53,5.66,30.19,17.925,20.10625,-3.271874999999998
46,金沢,1300,5,56,7.14,30.36,18.75,20.10625,-2.034374999999999
46,金沢,1300,6,76,7.89,19.74,13.815,20.10625,-9.436875
46,金沢,1300,7,91,12.09,27.47,19.78,20.10625,-0.48937499999999723
46,金沢,1300,8,99,12.12,31.31,21.715,20.10625,2.413125000000001
46,金沢,1400,1,4424,10.26,32.23,21.244999999999997,21.945,-1.0500000000000043
46,金沢,1400,2,4424,11.62,33.97,22.794999999999998,21.945,1.2749999999999968
46,金沢,1400,3,4424,11.37,34.52,22.945,21.945,1.5
46,金沢,1400,4,4424,10.8,33.34,22.07,21.945,0.1875
46,金沢,1400,5,4591,11.72,33.61,22.665,21.945,1.0799999999999983
46,金沢,1400,6,4981,10.46,32.95,21.705000000000002,21.945,-0.35999999999999766
46,金沢,1400,7,5849,10.0,30.77,20.384999999999998,21.945,-2.3400000000000034
46,金沢,1400,8,6749,11.41,32.09,21.75,21.945,-0.2925000000000004
46,金沢,1500,1,4523,10.59,31.77,21.18,21.48375,-0.4556250000000013
46,金沢,1500,2,4523,10.99,31.93,21.46,21.48375,-0.035624999999999574
46,金沢,1500,3,4523,10.52,32.46,21.490000000000002,21.48375,0.009375000000002132
46,金沢,1500,4,4523,11.61,34.76,23.185,21.48375,2.5518749999999972
46,金沢,1500,5,4723,10.23,32.31,21.270000000000003,21.48375,-0.32062499999999616
46,金沢,1500,6,5242,10.05,30.62,20.335,21.48375,-1.7231249999999996
46,金沢,1500,7,6267,10.47,31.13,20.8,21.48375,-1.0256249999999998
46,金沢,1500,8,7138,11.36,32.94,22.15,21.48375,0.999374999999997
46,金沢,1700,1,464,12.93,36.42,24.675,22.13,3.8175000000000026
46,金沢,1700,2,464,10.13,32.97,21.55,22.13,-0.8699999999999974
46,金沢,1700,3,464,12.93,36.64,24.785,22.13,3.9825000000000017
46,金沢,1700,4,464,10.34,35.99,23.165,22.13,1.5525000000000002
46,金沢,1700,5,495,10.71,33.33,22.02,22.13,-0.16499999999999915
46,金沢,1700,6,551,7.62,32.67,20.145,22.13,-2.977499999999999
46,金沢,1700,7,626,11.02,29.39,20.205,22.13,-2.887500000000001
46,金沢,1700,8,683,12.15,28.84,20.495,22.13,-2.452499999999997
46,金沢,1900,1,85,16.47,41.18,28.825,21.930625,10.3415625
46,金沢,1900,2,85,14.12,36.47,25.294999999999998,21.930625,5.0465624999999985
46,金沢,1900,3,85,10.59,37.65,24.119999999999997,21.930625,3.2840624999999974
46,金沢,1900,4,85,7.06,24.71,15.885,21.930625,-9.068437499999998
46,金沢,1900,5,98,12.24,35.71,23.975,21.930625,3.0665625000000034
46,金沢,1900,6,105,9.52,30.48,20.0,21.930625,-2.8959374999999987
46,金沢,1900,7,109,8.26,26.61,17.435,21.930625,-6.743437500000001
46,金沢,1900,8,113,9.73,30.09,19.91,21.930625,-3.0309374999999985
46,金沢,2000,1,48,12.5,25.0,18.75,17.30125,2.1731250000000006
46,金沢,2000,2,48,0.0,10.42,5.21,17.30125,-18.136874999999996
46,金沢,2000,3,48,14.58,20.83,17.705,17.30125,0.6056249999999981
46,金沢,2000,4,48,4.17,27.08,15.625,17.30125,-2.5143749999999994
46,金沢,2000,5,74,10.81,33.78,22.295,17.30125,7.490625000000003
46,金沢,2000,6,84,3.57,25.0,14.285,17.30125,-4.524374999999999
46,金沢,2000,7,87,6.9,32.18,19.54,17.30125,3.3581249999999994
46,金沢,2000,8,92,17.39,32.61,25.0,17.30125,11.548125
46,金沢,2100,1,21,4.76,19.05,11.905000000000001,17.021250000000002,-7.674375000000001
46,金沢,2100,2,21,9.52,19.05,14.285,17.021250000000002,-4.104375000000003
46,金沢,2100,3,21,9.52,28.57,19.045,17.021250000000002,3.0356249999999996
46,金沢,2100,4,21,4.76,23.81,14.285,17.021250000000002,-4.104375000000003
46,金沢,2100,5,35,2.86,22.86,12.86,17.021250000000002,-6.241875000000004
46,金沢,2100,6,37,16.22,35.14,25.68,17.021250000000002,12.988124999999997
46,金沢,2100,7,40,2.5,22.5,12.5,17.021250000000002,-6.781875000000003
46,金沢,2100,8,41,17.07,34.15,25.61,17.021250000000002,12.883124999999996
46,金沢,2600,5,12,25.0,58.33,41.665,19.345,33.480000000000004
46,金沢,2600,6,14,0.0,21.43,10.715,19.345,-12.944999999999999
46,金沢,2600,7,15,13.33,20.0,16.665,19.345,-4.02
46,金沢,2600,8,18,0.0,16.67,8.335,19.345,-16.514999999999997
47,笠松,800,1,408,10.78,35.05,22.915,24.840625,-2.8884375
47,笠松,800,2,408,12.75,35.78,24.265,24.840625,-0.8634374999999981
47,笠松,800,3,408,9.31,39.22,24.265,24.840625,-0.8634374999999981
47,笠松,800,4,408,13.73,36.52,25.125,24.840625,0.42656250000000107
47,笠松,800,5,407,13.02,35.87,24.445,24.840625,-0.5934374999999985
47,笠松,800,6,369,12.74,39.84,26.290000000000003,24.840625,2.174062500000005
47,笠松,800,7,421,13.3,39.43,26.365000000000002,24.840625,2.286562500000004
47,笠松,800,8,427,13.58,36.53,25.055,24.840625,0.32156250000000064
47,笠松,1400,1,7439,8.76,30.03,19.395,22.73375,-5.0081250000000015
47,笠松,1400,2,7439,10.0,31.68,20.84,22.73375,-2.840625000000001
47,笠松,1400,3,7439,11.59,34.37,22.979999999999997,22.73375,0.36937499999999446
47,笠松,1400,4,7439,11.39,34.55,22.97,22.73375,0.35437499999999744
47,笠松,1400,5,7618,12.17,36.19,24.18,22.73375,2.1693749999999987
47,笠松,1400,6,7634,12.03,35.3,23.665,22.73375,1.3968749999999979
47,笠松,1400,7,9035,11.67,34.86,23.265,22.73375,0.796875
47,笠松,1400,8,10292,13.02,36.13,24.575000000000003,22.73375,2.7618750000000034
47,笠松,1600,1,1754,8.67,29.19,18.93,22.35625,-5.139374999999999
47,笠松,1600,2,1754,10.15,30.96,20.555,22.35625,-2.7018749999999994
47,笠松,1600,3,1754,10.66,33.87,22.265,22.35625,-0.13687499999999808
47,笠松,1600,4,1754,11.17,35.97,23.57,22.35625,1.8206250000000015
47,笠松,1600,5,1754,10.49,33.12,21.805,22.35625,-0.8268749999999994
47,笠松,1600,6,1738,12.14,34.52,23.330000000000002,22.35625,1.4606250000000038
47,笠松,1600,7,2242,12.67,35.46,24.065,22.35625,2.563125000000003
47,笠松,1600,8,2608,12.96,35.7,24.330000000000002,22.35625,2.960625000000004
47,笠松,1800,1,101,19.8,42.57,31.185000000000002,24.17,10.5225
47,笠松,1800,2,101,8.91,37.62,23.265,24.17,-1.3575000000000017
47,笠松,1800,3,101,13.86,39.6,26.73,24.17,3.839999999999998
47,笠松,1800,4,101,10.89,33.66,22.275,24.17,-2.8425000000000047
47,笠松,1800,5,101,10.89,43.56,27.225,24.17,4.5825
47,笠松,1800,6,99,17.17,34.34,25.755000000000003,24.17,2.3775000000000013
47,笠松,1800,7,117,5.98,30.77,18.375,24.17,-8.692500000000003
47,笠松,1800,8,124,9.68,27.42,18.55,24.17,-8.430000000000001
47,笠松,1900,1,68,4.41,25.0,14.705,20.49,-8.677499999999998
47,笠松,1900,2,68,10.29,26.47,18.38,20.49,-3.164999999999999
47,笠松,1900,3,68,10.29,29.41,19.85,20.49,-0.9599999999999955
47,笠松,1900,4,68,14.71,45.59,30.150000000000002,20.49,14.490000000000006
47,笠松,1900,5,89,10.11,29.21,19.66,20.49,-1.2449999999999974
47,笠松,1900,6,91,12.09,28.57,20.33,20.49,-0.2400000000000002
47,笠松,1900,7,106,7.55,33.02,20.285,20.49,-0.30749999999999744
47,笠松,1900,8,107,12.15,28.97,20.56,20.49,0.10500000000000043
47,笠松,2500,5,14,7.14,28.57,17.855,20.03875,-3.275625
47,笠松,2500,6,14,14.29,21.43,17.86,20.03875,-3.2681250000000013
47,笠松,2500,7,18,11.11,33.33,22.22,20.03875,3.271874999999998
47,笠松,2500,8,18,11.11,33.33,22.22,20.03875,3.271874999999998
48,名古屋,900,1,37,16.22,51.35,33.785,32.445,2.0099999999999945
48,名古屋,900,2,37,13.51,45.95,29.73,32.445,-4.0725
48,名古屋,900,3,37,10.81,43.24,27.025000000000002,32.445,-8.129999999999997
48,名古屋,900,4,37,18.92,56.76,37.84,32.445,8.092500000000005
48,名古屋,900,5,37,16.22,48.65,32.435,32.445,-0.014999999999997016
48,名古屋,900,6,23,30.43,52.17,41.3,32.445,13.282499999999995
48,名古屋,900,7,14,14.29,35.71,25.0,32.445,-11.1675
48,名古屋,920,1,445,7.42,19.33,13.375,17.306250000000002,-5.896875000000003
48,名古屋,920,2,445,5.62,21.12,13.370000000000001,17.306250000000002,-5.904375000000002
48,名古屋,920,3,445,5.17,21.35,13.260000000000002,17.306250000000002,-6.069375000000001
48,名古屋,920,4,445,8.76,25.62,17.19,17.306250000000002,-0.17437500000000128
48,名古屋,920,5,630,7.78,26.19,16.985,17.306250000000002,-0.48187500000000405
48,名古屋,920,6,737,9.77,26.46,18.115000000000002,17.306250000000002,1.2131249999999998
48,名古屋,920,7,835,10.06,31.5,20.78,17.306250000000002,5.2106249999999985
48,名古屋,920,8,863,13.67,37.08,25.375,17.306250000000002,12.103124999999997
48,名古屋,1400,1,358,5.59,19.83,12.709999999999999,16.71625,-6.0093749999999995
48,名古屋,1400,2,358,8.1,18.99,13.544999999999998,16.71625,-4.756875000000001
48,名古屋,1400,3,358,5.31,19.83,12.569999999999999,16.71625,-6.219375
48,名古屋,1400,4,358,8.1,26.82,17.46,16.71625,1.1156250000000032
48,名古屋,1400,5,577,8.49,27.56,18.025,16.71625,1.9631249999999998
48,名古屋,1400,6,660,9.7,28.64,19.17,16.71625,3.6806250000000045
48,名古屋,1400,7,701,9.7,28.1,18.9,16.71625,3.275625
48,名古屋,1400,8,712,11.24,31.46,21.35,16.71625,6.950625000000004
48,名古屋,1500,1,3486,6.45,21.49,13.969999999999999,17.198125,-4.842187500000003
48,名古屋,1500,2,3486,7.54,22.23,14.885,17.198125,-3.469687500000002
48,名古屋,1500,3,3486,7.54,25.59,16.565,17.198125,-0.9496874999999996
48,名古屋,1500,4,3486,8.55,25.7,17.125,17.198125,-0.10968750000000149
48,名古屋,1500,5,5366,7.6,25.36,16.48,17.198125,-1.0771875000000009
48,名古屋,1500,6,6210,9.19,27.62,18.405,17.198125,1.8103125000000002
48,名古屋,1500,7,6765,10.44,28.68,19.56,17.198125,3.5428124999999966
48,名古屋,1500,8,6892,10.78,30.41,20.595,17.198125,5.095312499999997
48,名古屋,1700,1,699,6.58,23.61,15.094999999999999,17.815625,-4.080937500000003
48,名古屋,1700,2,699,7.3,22.03,14.665000000000001,17.815625,-4.7259375
48,名古屋,1700,3,699,9.01,26.18,17.595,17.815625,-0.33093750000000277
48,名古屋,1700,4,699,8.87,27.18,18.025,17.815625,0.3140624999999968
48,名古屋,1700,5,1020,8.92,26.96,17.94,17.815625,0.18656250000000085
48,名古屋,1700,6,1176,9.69,29.93,19.81,17.815625,2.991562499999997
48,名古屋,1700,7,1275,10.59,28.31,19.45,17.815625,2.451562499999998
48,名古屋,1700,8,1331,9.84,30.05,19.945,17.815625,3.1940624999999994
48,名古屋,2000,1,76,5.26,25.0,15.129999999999999,18.269375,-4.709062500000002
48,名古屋,2000,2,76,7.89,26.32,17.105,18.269375,-1.7465624999999996
48,名古屋,2000,3,76,5.26,27.63,16.445,18.269375,-2.7365625
48,名古屋,2000,4,76,5.26,23.68,14.469999999999999,18.269375,-5.699062500000002
48,名古屋,2000,5,110,12.73,28.18,20.455,18.269375,3.2784374999999972
48,名古屋,2000,6,119,12.61,30.25,21.43,18.269375,4.740937499999999
48,名古屋,2000,7,135,7.41,25.19,16.3,18.269375,-2.954062499999999
48,名古屋,2000,8,137,13.87,35.77,24.82,18.269375,9.8259375
48,名古屋,2100,1,21,4.76,23.81,14.285,18.1025,-5.7262499999999985
48,名古屋,2100,2,21,9.52,38.1,23.810000000000002,18.1025,8.561250000000005
48,名古屋,2100,3,21,0.0,19.05,9.525,18.1025,-12.866249999999997
48,名古屋,2100,4,21,0.0,23.81,11.905,18.1025,-9.29625
48,名古屋,2100,5,32,15.63,40.63,28.130000000000003,18.1025,15.041250000000005
48,名古屋,2100,6,32,12.5,21.88,17.189999999999998,18.1025,-1.3687500000000021
48,名古屋,2100,7,37,10.81,27.03,18.92,18.1025,1.2262500000000038
48,名古屋,2100,8,38,13.16,28.95,21.055,18.1025,4.428750000000001
50,園田,820,1,878,7.63,24.37,16.0,19.234375,-4.8515625
50,園田,820,2,878,8.2,29.95,19.075,19.234375,-0.23906250000000107
50,園田,820,3,878,9.57,27.79,18.68,19.234375,-0.8315625000000004
50,園田,820,4,878,9.91,27.11,18.509999999999998,19.234375,-1.086562500000003
50,園田,820,5,1251,7.75,26.7,17.225,19.234375,-3.014062499999998
50,園田,820,6,1270,9.29,28.66,18.975,19.234375,-0.38906249999999787
50,園田,820,7,1441,10.13,29.29,19.71,19.234375,0.7134375000000013
50,園田,820,8,1465,13.99,37.41,25.7,19.234375,9.698437499999999
50,園田,1230,1,2104,10.03,32.56,21.295,19.136875,3.2371875000000028
50,園田,1230,2,2104,10.08,29.61,19.845,19.136875,1.0621874999999985
50,園田,1230,3,2104,8.7,28.94,18.82,19.136875,-0.47531249999999936
50,園田,1230,4,2104,9.03,27.42,18.225,19.136875,-1.3678124999999977
50,園田,1230,5,3002,9.19,27.55,18.37,19.136875,-1.1503124999999983
50,園田,1230,6,3199,9.41,27.29,18.35,19.136875,-1.1803124999999977
50,園田,1230,7,3627,8.93,26.88,17.905,19.136875,-1.847812499999998
50,園田,1230,8,3729,10.67,29.9,20.285,19.136875,1.7221875000000004
50,園田,1400,1,12515,8.67,29.02,18.845,19.731875000000002,-1.3303125000000051
50,園田,1400,2,12515,9.8,30.06,19.93,19.731875000000002,0.29718749999999616
50,園田,1400,3,12515,9.52,29.85,19.685000000000002,19.731875000000002,-0.0703125
50,園田,1400,4,12515,10.17,30.68,20.425,19.731875000000002,1.0396874999999977
50,園田,1400,5,15019,9.33,28.6,18.965,19.731875000000002,-1.1503125000000036
50,園田,1400,6,15602,9.52,28.48,19.0,19.731875000000002,-1.0978125000000034
50,園田,1400,7,21909,10.09,29.19,19.64,19.731875000000002,-0.13781250000000256
50,園田,1400,8,23145,11.21,31.52,21.365000000000002,19.731875000000002,2.4496874999999996
50,園田,1700,1,1096,11.13,33.85,22.490000000000002,20.493125,2.9953125000000043
50,園田,1700,2,1096,11.41,35.22,23.314999999999998,20.493125,4.232812499999998
50,園田,1700,3,1096,10.22,31.39,20.805,20.493125,0.46781250000000085
50,園田,1700,4,1096,11.59,32.48,22.034999999999997,20.493125,2.312812499999996
50,園田,1700,5,1481,9.93,30.65,20.29,20.493125,-0.3046875
50,園田,1700,6,1569,8.48,29.51,18.995,20.493125,-2.2471874999999972
50,園田,1700,7,1688,10.6,27.9,19.25,20.493125,-1.8646874999999987
50,園田,1700,8,1733,8.6,24.93,16.765,20.493125,-5.592187499999998
50,園田,1870,1,584,10.79,35.96,23.375,21.1275,3.371249999999998
50,園田,1870,2,584,9.59,32.88,21.235,21.1275,0.16124999999999723
50,園田,1870,3,584,9.59,32.53,21.060000000000002,21.1275,-0.10124999999999851
50,園田,1870,4,584,13.36,34.76,24.06,21.1275,4.398749999999996
50,園田,1870,5,741,10.12,31.58,20.849999999999998,21.1275,-0.4162500000000051
50,園田,1870,6,790,10.38,29.87,20.125,21.1275,-1.503750000000002
50,園田,1870,7,833,9.24,28.69,18.965,21.1275,-3.243750000000002
50,園田,1870,8,858,10.96,27.74,19.35,21.1275,-2.66625
50,園田,2400,1,13,23.08,53.85,38.465,18.755625000000002,29.564062500000002
50,園田,2400,2,13,0.0,46.15,23.075,18.755625000000002,6.479062499999996
50,園田,2400,3,13,15.38,23.08,19.23,18.755625000000002,0.7115624999999977
50,園田,2400,4,13,7.69,15.38,11.535,18.755625000000002,-10.830937500000003
50,園田,2400,5,23,4.35,39.13,21.740000000000002,18.755625000000002,4.4765625
50,園田,2400,6,25,8.0,12.0,10.0,18.755625000000002,-13.133437500000003
50,園田,2400,7,25,4.0,12.0,8.0,18.755625000000002,-16.133437500000003
50,園田,2400,8,25,12.0,24.0,18.0,18.755625000000002,-1.133437500000003
51,姫路,800,1,203,2.46,17.73,10.095,17.865625,-11.6559375
51,姫路,800,2,203,3.94,21.67,12.805000000000001,17.865625,-7.5909375
51,姫路,800,3,203,7.39,23.15,15.27,17.865625,-3.8934375000000028
51,姫路,800,4,203,9.36,30.54,19.95,17.865625,3.126562499999997
51,姫路,800,5,293,9.56,29.35,19.455000000000002,17.865625,2.3840625000000006
51,姫路,800,6,304,9.21,27.3,18.255000000000003,17.865625,0.5840625000000017
51,姫路,800,7,361,11.63,33.24,22.435000000000002,17.865625,6.854062500000001
51,姫路,800,8,367,15.26,34.06,24.66,17.865625,10.191562499999998
51,姫路,1400,1,1223,7.28,24.78,16.03,18.945625,-4.373437499999998
51,姫路,1400,2,1223,8.01,27.47,17.74,18.945625,-1.808437500000002
51,姫路,1400,3,1223,9.57,27.72,18.645,18.945625,-0.4509375000000002
51,姫路,1400,4,1223,8.26,27.15,17.705,18.945625,-1.8609375000000021
51,姫路,1400,5,1555,9.77,28.36,19.064999999999998,18.945625,0.17906249999999702
51,姫路,1400,6,1607,10.58,29.37,19.975,18.945625,1.5440625000000026
51,姫路,1400,7,2215,9.75,29.75,19.75,18.945625,1.2065625000000004
51,姫路,1400,8,2291,11.96,33.35,22.655,18.945625,5.564062500000002
51,姫路,1500,1,263,11.41,28.52,19.965,19.856875,0.1621875000000017
51,姫路,1500,2,263,8.37,30.42,19.395,19.856875,-0.6928124999999987
51,姫路,1500,3,263,6.46,24.71,15.585,19.856875,-6.407812499999997
51,姫路,1500,4,263,10.27,33.84,22.055,19.856875,3.2971875000000015
51,姫路,1500,5,365,8.49,28.49,18.49,19.856875,-2.0503125000000004
51,姫路,1500,6,384,11.98,30.21,21.095,19.856875,1.8571875000000002
51,姫路,1500,7,414,9.18,30.43,19.805,19.856875,-0.07781249999999851
51,姫路,1500,8,414,12.56,32.37,22.465,19.856875,3.9121875000000017
51,姫路,1800,1,84,7.14,27.38,17.259999999999998,20.293125,-4.549687500000003
51,姫路,1800,2,84,4.76,25.0,14.879999999999999,20.293125,-8.119687500000001
51,姫路,1800,3,84,10.71,38.1,24.405,20.293125,6.167812500000002
51,姫路,1800,4,84,11.9,29.76,20.830000000000002,20.293125,0.805312500000003
51,姫路,1800,5,109,14.68,33.94,24.31,20.293125,6.025312499999998
51,姫路,1800,6,117,8.55,33.33,20.939999999999998,20.293125,0.9703124999999968
51,姫路,1800,7,119,11.76,31.09,21.425,20.293125,1.6978125000000013
51,姫路,1800,8,123,10.57,26.02,18.295,20.293125,-2.9971874999999972
51,姫路,2000,1,24,4.17,16.67,10.420000000000002,21.7425,-16.983749999999997
51,姫路,2000,2,24,8.33,33.33,20.83,21.7425,-1.3687500000000021
51,姫路,2000,3,24,8.33,37.5,22.915,21.7425,1.7587499999999991
51,姫路,2000,4,24,12.5,37.5,25.0,21.7425,4.88625
51,姫路,2000,5,31,19.35,35.48,27.415,21.7425,8.50875
51,姫路,2000,6,30,10.0,33.33,21.665,21.7425,-0.11625000000000085
51,姫路,2000,7,29,13.79,27.59,20.689999999999998,21.7425,-1.578750000000003
51,姫路,2000,8,32,9.38,40.63,25.005000000000003,21.7425,4.893750000000004
54,高知,800,1,203,12.32,33.99,23.155,23.735625,-0.8709374999999966
54,高知,800,2,203,13.79,37.93,25.86,23.735625,3.186562500000001
54,高知,800,3,203,14.29,37.93,26.11,23.735625,3.561562500000001
54,高知,800,4,203,10.34,36.45,23.395000000000003,23.735625,-0.5109374999999936
54,高知,800,5,224,9.82,38.39,24.105,23.735625,0.5540625000000023
54,高知,800,6,211,9.0,31.75,20.375,23.735625,-5.040937499999998
54,高知,800,7,225,11.56,31.56,21.56,23.735625,-3.2634375
54,高知,800,8,231,13.85,36.8,25.325,23.735625,2.3840625000000006
54,高知,1300,1,5405,8.7,26.64,17.67,19.016875,-2.0203124999999957
54,高知,1300,2,5405,9.44,29.73,19.585,19.016875,0.852187500000003
54,高知,1300,3,5405,9.57,29.44,19.505000000000003,19.016875,0.7321875000000055
54,高知,1300,4,5405,8.77,28.29,18.53,19.016875,-0.7303124999999966
54,高知,1300,5,7059,8.7,27.87,18.285,19.016875,-1.097812499999998
54,高知,1300,6,8188,8.96,27.43,18.195,19.016875,-1.2328124999999979
54,高知,1300,7,9288,10.51,29.21,19.86,19.016875,1.2646875000000009
54,高知,1300,8,9967,10.81,30.2,20.505,19.016875,2.2321875
54,高知,1400,1,5205,8.17,29.84,19.005,19.19875,-0.29062500000000213
54,高知,1400,2,5205,8.88,28.07,18.475,19.19875,-1.0856249999999985
54,高知,1400,3,5205,10.18,29.82,20.0,19.19875,1.2018749999999994
54,高知,1400,4,5205,9.59,28.65,19.119999999999997,19.19875,-0.11812500000000448
54,高知,1400,5,6634,9.32,27.46,18.39,19.19875,-1.2131249999999998
54,高知,1400,6,7718,9.38,27.07,18.225,19.19875,-1.4606249999999985
54,高知,1400,7,8843,9.8,28.73,19.265,19.19875,0.09937500000000021
54,高知,1400,8,9585,10.94,31.28,21.11,19.19875,2.8668749999999985
54,高知,1600,1,1473,12.42,34.08,23.25,21.5625,2.53125
54,高知,1600,2,1473,11.47,34.01,22.74,21.5625,1.7662499999999977
54,高知,1600,3,1473,12.02,33.94,22.979999999999997,21.5625,2.1262499999999953
54,高知,1600,4,1473,10.32,33.06,21.69,21.5625,0.19125000000000192
54,高知,1600,5,1473,11.0,34.49,22.745,21.5625,1.7737500000000015
54,高知,1600,6,1847,10.12,30.21,20.165,21.5625,-2.0962500000000013
54,高知,1600,7,2161,9.07,29.2,19.134999999999998,21.5625,-3.641250000000003
54,高知,1600,8,2397,10.05,29.54,19.795,21.5625,-2.6512499999999974
54,高知,1800,1,32,6.25,34.38,20.315,18.335625,2.9690625000000015
54,高知,1800,2,32,3.13,21.88,12.504999999999999,18.335625,-8.745937500000002
54,高知,1800,3,32,15.63,31.25,23.44,18.335625,7.6565625000000015
54,高知,1800,4,32,15.63,31.25,23.44,18.335625,7.6565625000000015
54,高知,1800,5,53,3.77,22.64,13.205,18.335625,-7.6959375
54,高知,1800,6,55,10.91,30.91,20.91,18.335625,3.8615625
54,高知,1800,7,60,10.0,28.33,19.165,18.335625,1.2440624999999983
54,高知,1800,8,62,8.06,19.35,13.705000000000002,18.335625,-6.945937499999998
54,高知,1900,1,57,3.51,22.81,13.16,17.096875,-5.905312500000001
54,高知,1900,2,57,7.02,24.56,15.79,17.096875,-1.9603125000000023
54,高知,1900,3,57,10.53,26.32,18.425,17.096875,1.9921875
54,高知,1900,4,57,10.53,29.82,20.175,17.096875,4.6171875
54,高知,1900,5,95,9.47,26.32,17.895,17.096875,1.1971874999999983
54,高知,1900,6,107,9.35,21.5,15.425,17.096875,-2.5078125
54,高知,1900,7,110,10.0,28.18,19.09,17.096875,2.9896874999999987
54,高知,1900,8,113,7.08,26.55,16.815,17.096875,-0.42281249999999915
54,高知,2400,1,10,0.0,30.0,15.0,16.875,-2.8125
54,高知,2400,2,10,0.0,10.0,5.0,16.875,-17.8125
54,高知,2400,3,10,10.0,30.0,20.0,16.875,4.6875
54,高知,2400,4,10,20.0,40.0,30.0,16.875,19.6875
54,高知,2400,5,20,10.0,30.0,20.0,16.875,4.6875
54,高知,2400,6,20,5.0,25.0,15.0,16.875,-2.8125
54,高知,2400,7,20,5.0,20.0,12.5,16.875,-6.5625
54,高知,2400,8,20,15.0,20.0,17.5,16.875,0.9375
55,佐賀,900,1,726,9.23,26.72,17.975,20.228125,-3.3796874999999957
55,佐賀,900,2,726,9.5,30.3,19.9,20.228125,-0.4921875
55,佐賀,900,3,726,10.06,31.54,20.8,20.228125,0.8578125000000032
55,佐賀,900,4,726,9.64,30.3,19.97,20.228125,-0.3871874999999996
55,佐賀,900,5,888,8.9,28.04,18.47,20.228125,-2.6371874999999996
55,佐賀,900,6,1027,11.98,32.23,22.104999999999997,20.228125,2.8153124999999974
55,佐賀,900,7,1099,9.65,31.21,20.43,20.228125,0.3028125000000017
55,佐賀,900,8,1161,11.71,32.64,22.175,20.228125,2.920312500000003
55,佐賀,1300,1,3845,8.09,27.41,17.75,20.284375,-3.801562500000001
55,佐賀,1300,2,3845,9.47,29.73,19.6,20.284375,-1.026562499999999
55,佐賀,1300,3,3845,9.99,29.93,19.96,20.284375,-0.4865624999999998
55,佐賀,1300,4,3845,9.88,31.7,20.79,20.284375,0.7584374999999977
55,佐賀,1300,5,4293,10.41,30.19,20.3,20.284375,0.0234375
55,佐賀,1300,6,4978,10.14,30.21,20.175,20.284375,-0.1640625
55,佐賀,1300,7,5887,10.97,31.71,21.34,20.284375,1.5834374999999987
55,佐賀,1300,8,6560,11.69,33.03,22.36,20.284375,3.113437499999998
55,佐賀,1400,1,6786,9.55,28.6,19.075000000000003,19.928125,-1.2796874999999979
55,佐賀,1400,2,6786,9.83,30.45,20.14,19.928125,0.3178124999999987
55,佐賀,1400,3,6786,9.05,29.47,19.259999999999998,19.928125,-1.0021875000000051
55,佐賀,1400,4,6786,10.8,30.96,20.880000000000003,19.928125,1.4278125000000017
55,佐賀,1400,5,7749,9.77,28.95,19.36,19.928125,-0.852187500000003
55,佐賀,1400,6,9155,9.72,29.65,19.685,19.928125,-0.36468750000000405
55,佐賀,1400,7,10981,10.08,29.71,19.895,19.928125,-0.04968750000000277
55,佐賀,1400,8,12100,10.76,31.5,21.13,19.928125,1.8028124999999964
55,佐賀,1750,1,603,8.62,31.67,20.145,19.426875,1.0771875000000009
55,佐賀,1750,2,603,8.29,27.36,17.825,19.426875,-2.4028124999999996
55,佐賀,1750,3,603,9.78,29.68,19.73,19.426875,0.45468750000000213
55,佐賀,1750,4,603,10.28,27.53,18.905,19.426875,-0.7828124999999968
55,佐賀,1750,5,717,10.74,29.99,20.365,19.426875,1.4071874999999991
55,佐賀,1750,6,864,9.95,28.01,18.98,19.426875,-0.6703124999999979
55,佐賀,1750,7,1012,10.57,30.04,20.305,19.426875,1.317187500000001
55,佐賀,1750,8,1096,9.12,29.2,19.16,19.426875,-0.4003124999999983
55,佐賀,1800,1,441,8.16,24.94,16.55,19.7925,-4.86375
55,佐賀,1800,2,441,10.2,35.37,22.784999999999997,19.7925,4.488749999999994
55,佐賀,1800,3,441,9.52,31.29,20.405,19.7925,0.9187500000000011
55,佐賀,1800,4,441,9.98,27.44,18.71,19.7925,-1.6237499999999994
55,佐賀,1800,5,517,9.09,28.82,18.955,19.7925,-1.2562500000000032
55,佐賀,1800,6,613,9.95,30.51,20.23,19.7925,0.65625
55,佐賀,1800,7,730,10.68,28.77,19.725,19.7925,-0.10124999999999851
55,佐賀,1800,8,777,10.94,31.02,20.98,19.7925,1.78125
55,佐賀,1860,1,29,10.34,31.03,20.685000000000002,20.70125,-0.024374999999999147
55,佐賀,1860,2,29,10.34,20.69,15.515,20.70125,-7.779375000000002
55,佐賀,1860,3,29,10.34,41.38,25.86,20.70125,7.738124999999997
55,佐賀,1860,4,29,10.34,58.62,34.48,20.70125,20.668124999999993
55,佐賀,1860,5,34,14.71,35.29,25.0,20.70125,6.448124999999997
55,佐賀,1860,6,39,2.56,23.08,12.819999999999999,20.70125,-11.821875000000006
55,佐賀,1860,7,44,9.09,15.91,12.5,20.70125,-12.301875000000003
55,佐賀,1860,8,48,12.5,25.0,18.75,20.70125,-2.9268750000000026
55,佐賀,2000,1,93,9.68,33.33,21.505,19.959375,2.3184374999999964
55,佐賀,2000,2,93,7.53,31.18,19.355,19.959375,-0.9065625000000015
55,佐賀,2000,3,93,10.75,34.41,22.58,19.959375,3.9309374999999953
55,佐賀,2000,4,93,8.6,24.73,16.665,19.959375,-4.941562500000003
55,佐賀,2000,5,113,9.73,29.2,19.465,19.959375,-0.7415625000000023
55,佐賀,2000,6,127,10.24,31.5,20.87,19.959375,1.3659374999999994
55,佐賀,2000,7,141,7.8,22.7,15.25,19.959375,-7.064062500000002
55,佐賀,2000,8,148,14.19,33.78,23.985,19.959375,6.038437499999997
55,佐賀,2500,1,10,10.0,10.0,10.0,19.98125,-14.971874999999999
55,佐賀,2500,2,10,10.0,20.0,15.0,19.98125,-7.471874999999999
55,佐賀,2500,3,10,10.0,40.0,25.0,19.98125,7.528125000000001
55,佐賀,2500,4,10,0.0,30.0,15.0,19.98125,-7.471874999999999
55,佐賀,2500,5,12,8.33,33.33,20.83,19.98125,1.2731249999999985
55,佐賀,2500,6,13,7.69,30.77,19.23,19.98125,-1.1268749999999983
55,佐賀,2500,7,15,20.0,33.33,26.665,19.98125,10.025625
55,佐賀,2500,8,16,12.5,43.75,28.125,19.98125,12.215625000000001
